{"count":1,"gauges":{},"self":7.0558336,"total":7.5315514,"children":{"AgentResetIfDone":{"count":312,"self":0.0030294,"total":0.0030294,"children":null},"AgentSendState":{"count":312,"self":0.0081575,"total":0.010156199999999999,"children":{"CollectObservations":{"count":78,"self":0.0019987,"total":0.0019987,"children":null}}},"DecideAction":{"count":312,"self":0.4295348,"total":0.44453159999999997,"children":{"RayPerceptionSensor.Perceive":{"count":78,"self":0.0149968,"total":0.0149968,"children":null}}},"AcademyStep":{"count":312,"self":0.0009994,"total":0.0009994,"children":null},"AgentAct":{"count":312,"self":0.015002199999999999,"total":0.015002199999999999,"children":null}}}